{
  "project_info": {
    "project_number": "78478989529",
    "firebase_url": "https://volunteerfirstaidresponse.firebaseio.com",
    "project_id": "volunteerfirstaidresponse",
    "storage_bucket": "volunteerfirstaidresponse.appspot.com"
  },
  "client": [
    {
      "client_info": {
        "mobilesdk_app_id": "1:78478989529:android:b42aea6c5a8550c7",
        "android_client_info": {
          "package_name": "com.example.chris_tsotras.volunteerfirstaidresponse"
        }
      },
      "oauth_client": [
        {
          "client_id": "78478989529-8u4f2esohcrg2vt1bm850dno1t6l62ut.apps.googleusercontent.com",
          "client_type": 1,
          "android_info": {
            "package_name": "com.example.chris_tsotras.volunteerfirstaidresponse",
            "certificate_hash": "c5640f4e69fca847e515d93003c1a1973c6aeb66"
          }
        },
        {
          "client_id": "78478989529-2f308tvgt4k7f6ieqq8uqg1pfq4d85bh.apps.googleusercontent.com",
          "client_type": 3
        }
      ],
      "api_key": [
        {
          "current_key": "AIzaSyDMe_meeKvvamyhjv06BGCEQmg_dByS5PM"
        }
      ],
      "services": {
        "analytics_service": {
          "status": 1
        },
        "appinvite_service": {
          "status": 2,
          "other_platform_oauth_client": [
            {
              "client_id": "78478989529-2f308tvgt4k7f6ieqq8uqg1pfq4d85bh.apps.googleusercontent.com",
              "client_type": 3
            }
          ]
        },
        "ads_service": {
          "status": 2
        }
      }
    }
  ],
  "configuration_version": "1"
}